{"cameraMode":{"drawMode":0,"name":"Shaded","section":"Shading Mode"},"sceneLighting":true,"audioPlay":false,"sceneViewState":{"m_AlwaysRefresh":false,"showFog":true,"showSkybox":true,"showFlares":true,"showImageEffects":true,"showParticleSystems":true,"showVisualEffectGraphs":true,"m_FxEnabled":true},"in2DMode":false,"pivot":{"x":296.799072265625,"y":253.2886962890625,"z":-103.77018737792969},"rotation":{"x":-0.014415987767279148,"y":0.6928324103355408,"z":0.013862733729183674,"w":0.7208243012428284},"size":132.97084045410157,"orthographic":false}